{"total":4,"results":[{"camera_id":"cam-demo-1","metadata":{"detections":[{"bbox":[10,20,120,90],"confidence":0.95,"label":"zorro"}]},"thumbnail_b64":"iVBORw0KGgoAAAANSUhEUgAAAAEAAAABCAYAAAAfFcSJAAAADUlEQVQIW2P4z8DwHwAF/gJ+RMR3VQAAAABJRU5ErkJggg==","received_at":5909.143,"thumbnail_url":"/uploads/9ecb5ebb85c74edf828def3b81725811.jpg","id":"e483b50e-7251-49e9-8000-ba1e5b95960f"},{"camera_id":"cam-demo-1","metadata":{"detections":[{"bbox":[10,20,120,90],"confidence":0.95,"label":"zorro"}]},"thumbnail_b64":"iVBORw0KGgoAAAANSUhEUgAAAAEAAAABCAYAAAAfFcSJAAAADUlEQVQIW2P4z8DwHwAF/gJ+RMR3VQAAAABJRU5ErkJggg==","received_at":5656.423,"thumbnail_url":"/uploads/8ef560ef6d3744b9be747e14a8c88309.jpg","id":"b824e078-c765-43c2-8032-010371ecfa49"},{"camera_id":"cam-test-1","metadata":{"detections":[{"bbox":[10,15,120,90],"confidence":0.92,"label":"zorro"}]},"thumbnail_b64":"iVBORw0KGgoAAAANSUhEUgAAAAEAAAABCAYAAAAfFcSJAAAADUlEQVQIW2P4z8DwHwAF/gJ+RMR3VQAAAABJRU5ErkJggg==","received_at":5359.45,"thumbnail_url":"/uploads/32d219409ebd47da9d6e70284705ec8d.jpg","id":"10c049cf-1602-434d-8cf5-ffbee5f0a704"},{"camera_id":"cam-poc-1","received_at":4231.195,"thumbnail_b64":"/9j/2Q==","level":"info","thumbnail_url":"/uploads/b4281456a7464206b422bfcf579749f9.jpg","id":"bb89b1e5-8922-4339-bd71-3159581e8800"}]}